Cumulative Flow,DN,UP,DN_t,UP_t
106,0.459027778,0.448622685,11:01:00,10:46:01
206,0.459722222,0.44931713,11:02:00,10:47:01
303,0.460416667,0.450011574,11:03:00,10:48:01
415,0.461111111,0.450706019,11:04:00,10:49:01
532,0.461805556,0.451400463,11:05:00,10:50:01
628,0.4625,0.4521875,11:06:00,10:51:09
758,0.463194444,0.452905093,11:07:00,10:52:11
879,0.463888889,0.453622685,11:08:00,10:53:13
992,0.464583333,0.454224537,11:09:00,10:54:05
1089,0.465277778,0.454872685,11:10:00,10:55:01
1208,0.465972222,0.455520833,11:11:00,10:55:57
1326,0.466666667,0.456157407,11:12:00,10:56:52
1427,0.467361111,0.456828704,11:13:00,10:57:50
1538,0.468055556,0.457511574,11:14:00,10:58:49
1637,0.46875,0.458043981,11:15:00,10:59:35
1739,0.469444444,0.458784722,11:16:00,11:00:39
1846,0.470138889,0.459467593,11:17:00,11:01:38
1960,0.470833333,0.460150463,11:18:00,11:02:37
2078,0.471527778,0.460833333,11:19:00,11:03:36
2182,0.472222222,0.461527778,11:20:00,11:04:36
2315,0.472916667,0.462222222,11:21:00,11:05:36
2444,0.473611111,0.462939815,11:22:00,11:06:38
2555,0.474305556,0.463680556,11:23:00,11:07:42
2681,0.475,0.464421296,11:24:00,11:08:46
2781,0.475694444,0.46525463,11:25:00,11:09:58
2872,0.476388889,0.466099537,11:26:00,11:11:11
2986,0.477083333,0.466724537,11:27:00,11:12:05
3079,0.477777778,0.467337963,11:28:00,11:12:58
3184,0.478472222,0.468032407,11:29:00,11:13:58
3283,0.479166667,0.468761574,11:30:00,11:15:01
3382,0.479861111,0.469490741,11:31:00,11:16:04
3487,0.480555556,0.470196759,11:32:00,11:17:05
3587,0.48125,0.470844907,11:33:00,11:18:01
3709,0.481944444,0.47150463,11:34:00,11:18:58
3802,0.482638889,0.4721875,11:35:00,11:19:57
3888,0.483333333,0.472939815,11:36:00,11:21:02
4015,0.484027778,0.47369213,11:37:00,11:22:07
4105,0.484722222,0.474386574,11:38:00,11:23:07
4207,0.485416667,0.475104167,11:39:00,11:24:09
4335,0.486111111,0.475821759,11:40:00,11:25:11
4465,0.486805556,0.47662037,11:41:00,11:26:20
4562,0.4875,0.477418981,11:42:00,11:27:29
4672,0.488194444,0.477858796,11:43:00,11:28:07
4785,0.488888889,0.478402778,11:44:00,11:28:54
4891,0.489583333,0.479143519,11:45:00,11:29:58
5019,0.490277778,0.479895833,11:46:00,11:31:03
5138,0.490972222,0.480625,11:47:00,11:32:06
5251,0.491666667,0.481319444,11:48:00,11:33:06
5371,0.492361111,0.481909722,11:49:00,11:33:57
5497,0.493055556,0.4825,11:50:00,11:34:48
5618,0.49375,0.482939815,11:51:00,11:35:26
5737,0.494444444,0.483541667,11:52:00,11:36:18
5856,0.495138889,0.484236111,11:53:00,11:37:18
5955,0.495833333,0.484918981,11:54:00,11:38:17
6061,0.496527778,0.485613426,11:55:00,11:39:17
6193,0.497222222,0.486377315,11:56:00,11:40:23
6299,0.497916667,0.487071759,11:57:00,11:41:23
6393,0.498611111,0.487766204,11:58:00,11:42:23
6495,0.499305556,0.488530093,11:59:00,11:43:29
6590,0.5,0.489155093,12:00:00,11:44:23
6685,0.500694444,0.489861111,12:01:00,11:45:24
6786,0.501388889,0.490578704,12:02:00,11:46:26
6919,0.502083333,0.491365741,12:03:00,11:47:34
7031,0.502777778,0.491979167,12:04:00,11:48:27
7146,0.503472222,0.49255787,12:05:00,11:49:17
7203,0.504166667,0.493136574,12:06:00,11:50:07
7300,0.504861111,0.49380787,12:07:00,11:51:05
7412,0.505555556,0.494490741,12:08:00,11:52:04
7517,0.50625,0.495162037,12:09:00,11:53:02
7629,0.506944444,0.495902778,12:10:00,11:54:06
7751,0.507638889,0.49662037,12:11:00,11:55:08
7833,0.508333333,0.497326389,12:12:00,11:56:09
7948,0.509027778,0.498287037,12:13:00,11:57:32
8063,0.509722222,0.49900463,12:14:00,11:58:34
8161,0.510416667,0.49974537,12:15:00,11:59:38
8260,0.511111111,0.500474537,12:16:00,12:00:41
8384,0.511805556,0.501215278,12:17:00,12:01:45
8481,0.5125,0.502037037,12:18:00,12:02:56
8615,0.513194444,0.502766204,12:19:00,12:03:59
8730,0.513888889,0.50349537,12:20:00,12:05:02
8857,0.514583333,0.504189815,12:21:00,12:06:02
8965,0.515277778,0.504641204,12:22:00,12:06:41
9093,0.515972222,0.5053125,12:23:00,12:07:39
9204,0.516666667,0.505983796,12:24:00,12:08:37
9316,0.517361111,0.506712963,12:25:00,12:09:40
9424,0.518055556,0.507280093,12:26:00,12:10:29
9536,0.51875,0.507858796,12:27:00,12:11:19
9634,0.519444444,0.508553241,12:28:00,12:12:19
9753,0.520138889,0.509386574,12:29:00,12:13:31
9887,0.520833333,0.510046296,12:30:00,12:14:28
9985,0.521527778,0.510706019,12:31:00,12:15:25
10118,0.522222222,0.511365741,12:32:00,12:16:22
10258,0.522916667,0.512175926,12:33:00,12:17:32
10350,0.523611111,0.512824074,12:34:00,12:18:28
10475,0.524305556,0.513460648,12:35:00,12:19:23
10578,0.525,0.514421296,12:36:00,12:20:46
10689,0.525694444,0.515081019,12:37:00,12:21:43
10808,0.526388889,0.515729167,12:38:00,12:22:39
10927,0.527083333,0.516377315,12:39:00,12:23:35
11054,0.527777778,0.516921296,12:40:00,12:24:22
11167,0.528472222,0.517615741,12:41:00,12:25:22
11287,0.529166667,0.518310185,12:42:00,12:26:22
11405,0.529861111,0.518796296,12:43:00,12:27:04
11528,0.530555556,0.519502315,12:44:00,12:28:05
11651,0.53125,0.520196759,12:45:00,12:29:05
11763,0.531944444,0.520868056,12:46:00,12:30:03
11866,0.532638889,0.521539352,12:47:00,12:31:01
11986,0.533333333,0.522233796,12:48:00,12:32:01
12103,0.534027778,0.522962963,12:49:00,12:33:04
12216,0.534722222,0.523634259,12:50:00,12:34:02
12327,0.535416667,0.52431713,12:51:00,12:35:01
12450,0.536111111,0.525069444,12:52:00,12:36:06
12565,0.536805556,0.525833333,12:53:00,12:37:12
12660,0.5375,0.526400463,12:54:00,12:38:01
12762,0.538194444,0.527025463,12:55:00,12:38:55
12894,0.538888889,0.527650463,12:56:00,12:39:49
13005,0.539583333,0.528414352,12:57:00,12:40:55
13122,0.540277778,0.529155093,12:58:00,12:41:59
13214,0.540972222,0.529884259,12:59:00,12:43:02
13332,0.541666667,0.530532407,13:00:00,12:43:58
13434,0.542361111,0.53119213,13:01:00,12:44:55
13539,0.543055556,0.531898148,13:02:00,12:45:56
13649,0.54375,0.532708333,13:03:00,12:47:06
13777,0.544444444,0.533518519,13:04:00,12:48:16
13887,0.545138889,0.534016204,13:05:00,12:48:59
13995,0.545833333,0.53474537,13:06:00,12:50:02
14123,0.546527778,0.535462963,13:07:00,12:51:04
14239,0.547222222,0.536122685,13:08:00,12:52:01
14350,0.547916667,0.536782407,13:09:00,12:52:58
14489,0.548611111,0.537604167,13:10:00,12:54:09
14587,0.549305556,0.538425926,13:11:00,12:55:20
14692,0.55,0.538981481,13:12:00,12:56:08
14822,0.550694444,0.5396875,13:13:00,12:57:09
14942,0.551388889,0.540393519,13:14:00,12:58:10
15047,0.552083333,0.541064815,13:15:00,12:59:08
15172,0.552777778,0.541724537,13:16:00,13:00:05
15283,0.553472222,0.542581019,13:17:00,13:01:19
15410,0.554166667,0.543425926,13:18:00,13:02:32
15519,0.554861111,0.544108796,13:19:00,13:03:31
15651,0.555555556,0.544780093,13:20:00,13:04:29
15759,0.55625,0.545335648,13:21:00,13:05:17
15873,0.556944444,0.545983796,13:22:00,13:06:13
15962,0.557638889,0.54662037,13:23:00,13:07:08
16109,0.558333333,0.547349537,13:24:00,13:08:11
16226,0.559027778,0.548032407,13:25:00,13:09:10
16345,0.559722222,0.548703704,13:26:00,13:10:08
16460,0.560416667,0.549641204,13:27:00,13:11:29
16587,0.561111111,0.550393519,13:28:00,13:12:34
16683,0.561805556,0.551145833,13:29:00,13:13:39
16777,0.5625,0.551840278,13:30:00,13:14:39
16904,0.563194444,0.552488426,13:31:00,13:15:35
16904,0.563888889,0.553136574,13:32:00,13:16:31
16904,0.564583333,0.553831019,13:33:00,13:17:31
16904,0.565277778,0.554664352,13:34:00,13:18:43
16904,0.565972222,0.555486111,13:35:00,13:19:54
16904,0.566666667,0.556331019,13:36:00,13:21:07
16955,0.567361111,0.557071759,13:37:00,13:22:11
17096,0.568055556,0.557824074,13:38:00,13:23:16
17231,0.56875,0.558483796,13:39:00,13:24:13
17339,0.569444444,0.559155093,13:40:00,13:25:11
17471,0.570138889,0.559618056,13:41:00,13:25:51
17607,0.570833333,0.560081019,13:42:00,13:26:31
17723,0.571527778,0.560717593,13:43:00,13:27:26
17851,0.572222222,0.561354167,13:44:00,13:28:21
17963,0.572916667,0.562002315,13:45:00,13:29:17
18064,0.573611111,0.562627315,13:46:00,13:30:11
18201,0.574305556,0.563252315,13:47:00,13:31:05
18296,0.575,0.563877315,13:48:00,13:31:59
18436,0.575694444,0.564375,13:49:00,13:32:42
18526,0.576388889,0.56505787,13:50:00,13:33:41
18650,0.577083333,0.565821759,13:51:00,13:34:47
18757,0.577777778,0.566585648,13:52:00,13:35:53
18877,0.578472222,0.567361111,13:53:00,13:37:00
19006,0.579166667,0.568217593,13:54:00,13:38:14
19130,0.579861111,0.569074074,13:55:00,13:39:28
19267,0.580555556,0.569768519,13:56:00,13:40:28
19392,0.58125,0.570590278,13:57:00,13:41:39
19495,0.581944444,0.571342593,13:58:00,13:42:44
19611,0.582638889,0.572094907,13:59:00,13:43:49
19736,0.583333333,0.572824074,14:00:00,13:44:52
19815,0.584027778,0.573506944,14:01:00,13:45:51
19956,0.584722222,0.574178241,14:02:00,13:46:49
20079,0.585416667,0.574803241,14:03:00,13:47:43
20178,0.586111111,0.575497685,14:04:00,13:48:43
20297,0.586805556,0.57619213,14:05:00,13:49:43
20430,0.5875,0.576851852,14:06:00,13:50:40
20558,0.588194444,0.577546296,14:07:00,13:51:40
20680,0.588888889,0.578206019,14:08:00,13:52:37
20802,0.589583333,0.578935185,14:09:00,13:53:40
20928,0.590277778,0.579675926,14:10:00,13:54:44
21070,0.590972222,0.580231481,14:11:00,13:55:32
21209,0.591666667,0.580787037,14:12:00,13:56:20
21312,0.592361111,0.581446759,14:13:00,13:57:17
21419,0.593055556,0.582106481,14:14:00,13:58:14
21521,0.59375,0.582314815,14:15:00,13:58:32
21653,0.594444444,0.583009259,14:16:00,13:59:32
21783,0.595138889,0.583703704,14:17:00,14:00:32
21906,0.595833333,0.584201389,14:18:00,14:01:15
22041,0.596527778,0.584849537,14:19:00,14:02:11
22173,0.597222222,0.585428241,14:20:00,14:03:01
22317,0.597916667,0.586006944,14:21:00,14:03:51
22436,0.598611111,0.586608796,14:22:00,14:04:43
22538,0.599305556,0.587210648,14:23:00,14:05:35
22662,0.6,0.587824074,14:24:00,14:06:28
22801,0.600694444,0.588483796,14:25:00,14:07:25
22932,0.601388889,0.589143519,14:26:00,14:08:22
23058,0.602083333,0.589872685,14:27:00,14:09:25
23175,0.602777778,0.590613426,14:28:00,14:10:29
23303,0.603472222,0.591168981,14:29:00,14:11:17
23415,0.604166667,0.591631944,14:30:00,14:11:57
23547,0.604861111,0.592094907,14:31:00,14:12:37
23667,0.605555556,0.592650463,14:32:00,14:13:25
23788,0.60625,0.593206019,14:33:00,14:14:13
23892,0.606944444,0.593969907,14:34:00,14:15:19
24028,0.607638889,0.59474537,14:35:00,14:16:26
24145,0.608333333,0.595509259,14:36:00,14:17:32
24278,0.609027778,0.596203704,14:37:00,14:18:32
24414,0.609722222,0.596423611,14:38:00,14:18:51
24526,0.610416667,0.59712963,14:39:00,14:19:52
24634,0.611111111,0.597824074,14:40:00,14:20:52
24762,0.611805556,0.598518519,14:41:00,14:21:52
24879,0.6125,0.598657407,14:42:00,14:22:04
24998,0.613194444,0.59943287,14:43:00,14:23:11
25107,0.613888889,0.600219907,14:44:00,14:24:19
25229,0.614583333,0.600694444,14:45:00,14:25:00
25331,0.615277778,0.601180556,14:46:00,14:25:42
25449,0.615972222,0.601550926,14:47:00,14:26:14
25572,0.616666667,0.60193287,14:48:00,14:26:47
25696,0.617361111,0.602141204,14:49:00,14:27:05
25822,0.618055556,0.602743056,14:50:00,14:27:57
25953,0.61875,0.603333333,14:51:00,14:28:48
26077,0.619444444,0.603854167,14:52:00,14:29:33
26210,0.620138889,0.604375,14:53:00,14:30:18
26329,0.620833333,0.604456019,14:54:00,14:30:25
26483,0.621527778,0.605150463,14:55:00,14:31:25
26603,0.622222222,0.605844907,14:56:00,14:32:25
26738,0.622916667,0.605844907,14:57:00,14:32:25
26875,0.623611111,0.606319444,14:58:00,14:33:06
26981,0.624305556,0.606643519,14:59:00,14:33:34
27107,0.625,0.606956019,15:00:00,14:34:01
27231,0.625694444,0.607523148,15:01:00,14:34:50
27377,0.626388889,0.608078704,15:02:00,14:35:38
27490,0.627083333,0.608518519,15:03:00,14:36:16
27617,0.627777778,0.60900463,15:04:00,14:36:58
27734,0.628472222,0.609837963,15:05:00,14:38:10
27853,0.629166667,0.610671296,15:06:00,14:39:22
27994,0.629861111,0.610798611,15:07:00,14:39:33
28121,0.630555556,0.611539352,15:08:00,14:40:37
28232,0.63125,0.612280093,15:09:00,14:41:41
28359,0.631944444,0.613020833,15:10:00,14:42:45
28480,0.632638889,0.613634259,15:11:00,14:43:38
28605,0.633333333,0.614259259,15:12:00,14:44:32
28714,0.634027778,0.615,15:13:00,14:45:36
28842,0.634722222,0.615740741,15:14:00,14:46:40
28959,0.635416667,0.616435185,15:15:00,14:47:40
29053,0.636111111,0.617199074,15:16:00,14:48:46
29140,0.636805556,0.617951389,15:17:00,14:49:51
29220,0.6375,0.618530093,15:18:00,14:50:41
29296,0.638194444,0.619224537,15:19:00,14:51:41
29383,0.638888889,0.619791667,15:20:00,14:52:30
29502,0.639583333,0.620532407,15:21:00,14:53:34
29606,0.640277778,0.620543981,15:22:00,14:53:35
29723,0.640972222,0.62056713,15:23:00,14:53:37
29836,0.641666667,0.62130787,15:24:00,14:54:41
29969,0.642361111,0.622037037,15:25:00,14:55:44
30105,0.643055556,0.622708333,15:26:00,14:56:42
30245,0.64375,0.62337963,15:27:00,14:57:40
30393,0.644444444,0.624074074,15:28:00,14:58:40
30526,0.645138889,0.624768519,15:29:00,14:59:40
30668,0.645833333,0.625497685,15:30:00,15:00:43
30818,0.646527778,0.626215278,15:31:00,15:01:45
30955,0.647222222,0.626979167,15:32:00,15:02:51
31080,0.647916667,0.62775463,15:33:00,15:03:58
31218,0.648611111,0.628738426,15:34:00,15:05:23
31357,0.649305556,0.629664352,15:35:00,15:06:43
31487,0.65,0.630601852,15:36:00,15:08:04
31609,0.650694444,0.630856481,15:37:00,15:08:26
31743,0.651388889,0.631099537,15:38:00,15:08:47
31864,0.652083333,0.631203704,15:39:00,15:08:56
31984,0.652777778,0.63130787,15:40:00,15:09:05
32114,0.653472222,0.632280093,15:41:00,15:10:29
32246,0.654166667,0.633252315,15:42:00,15:11:53
32386,0.654861111,0.633703704,15:43:00,15:12:32
32535,0.655555556,0.634155093,15:44:00,15:13:11
32671,0.65625,0.635405093,15:45:00,15:14:59
32811,0.656944444,0.636655093,15:46:00,15:16:47
32942,0.657638889,0.636689815,15:47:00,15:16:50
33097,0.658333333,0.63755787,15:48:00,15:18:05
33246,0.659027778,0.638414352,15:49:00,15:19:19
33390,0.659722222,0.639733796,15:50:00,15:21:13
33521,0.660416667,0.640509259,15:51:00,15:22:20
33651,0.661111111,0.641273148,15:52:00,15:23:26
33773,0.661805556,0.641574074,15:53:00,15:23:52
33898,0.6625,0.642268519,15:54:00,15:24:52
34030,0.663194444,0.64255787,15:55:00,15:25:17
34158,0.663888889,0.64337963,15:56:00,15:26:28
34303,0.664583333,0.64369213,15:57:00,15:26:55
34435,0.665277778,0.64400463,15:58:00,15:27:22
34565,0.665972222,0.644467593,15:59:00,15:28:02
34695,0.666666667,0.645011574,16:00:00,15:28:49
34834,0.667361111,0.645543981,16:01:00,15:29:35
34982,0.668055556,0.645983796,16:02:00,15:30:13
35107,0.66875,0.64662037,16:03:00,15:31:08
35261,0.669444444,0.647268519,16:04:00,15:32:04
35403,0.670138889,0.647905093,16:05:00,15:32:59
35545,0.670833333,0.647905093,16:06:00,15:32:59
35668,0.671527778,0.648206019,16:07:00,15:33:25
35790,0.672222222,0.648842593,16:08:00,15:34:20
35914,0.672916667,0.648842593,16:09:00,15:34:20
36050,0.673611111,0.648842593,16:10:00,15:34:20
36187,0.674305556,0.648865741,16:11:00,15:34:22
36323,0.675,0.650844907,16:12:00,15:37:13
36468,0.675694444,0.651516204,16:13:00,15:38:11
36610,0.676388889,0.652939815,16:14:00,15:40:14
36736,0.677083333,0.654363426,16:15:00,15:42:17
36857,0.677777778,0.654363426,16:16:00,15:42:17
36999,0.678472222,0.654907407,16:17:00,15:43:04
37134,0.679166667,0.655520833,16:18:00,15:43:57
37282,0.679861111,0.656238426,16:19:00,15:44:59
37414,0.680555556,0.656678241,16:20:00,15:45:37
37550,0.68125,0.657118056,16:21:00,15:46:15
37683,0.681944444,0.657141204,16:22:00,15:46:17
37820,0.682638889,0.657141204,16:23:00,15:46:17
37936,0.683333333,0.657986111,16:24:00,15:47:30
38069,0.684027778,0.658946759,16:25:00,15:48:53
38208,0.684722222,0.659016204,16:26:00,15:48:59
38338,0.685416667,0.659710648,16:27:00,15:49:59
38463,0.686111111,0.660405093,16:28:00,15:50:59
38594,0.686805556,0.660405093,16:29:00,15:50:59
38747,0.6875,0.660601852,16:30:00,15:51:16
38897,0.688194444,0.661643519,16:31:00,15:52:46
39012,0.688888889,0.662673611,16:32:00,15:54:15
39146,0.689583333,0.663483796,16:33:00,15:55:25
39298,0.690277778,0.66400463,16:34:00,15:56:10
39431,0.690972222,0.664525463,16:35:00,15:56:55
39578,0.691666667,0.665462963,16:36:00,15:58:16
39707,0.692361111,0.665787037,16:37:00,15:58:44
39821,0.693055556,0.666099537,16:38:00,15:59:11
39973,0.69375,0.667361111,16:39:00,16:01:00
40100,0.694444444,0.6684375,16:40:00,16:02:33
40244,0.695138889,0.669513889,16:41:00,16:04:06
40377,0.695833333,0.670590278,16:42:00,16:05:39
40514,0.696527778,0.67087963,16:43:00,16:06:04
40649,0.697222222,0.671087963,16:44:00,16:06:22
40770,0.697916667,0.671828704,16:45:00,16:07:26
40908,0.698611111,0.67255787,16:46:00,16:08:29
41035,0.699305556,0.672928241,16:47:00,16:09:01
41172,0.7,0.673634259,16:48:00,16:10:02
41313,0.700694444,0.674386574,16:49:00,16:11:07
41438,0.701388889,0.675138889,16:50:00,16:12:12
41555,0.702083333,0.675138889,16:51:00,16:12:12
41704,0.702777778,0.676076389,16:52:00,16:13:33
41829,0.703472222,0.677731481,16:53:00,16:15:56
41961,0.704166667,0.678715278,16:54:00,16:17:21
42071,0.704861111,0.679293981,16:55:00,16:18:11
42224,0.705555556,0.679861111,16:56:00,16:19:00
42374,0.70625,0.680659722,16:57:00,16:20:09
42513,0.706944444,0.681458333,16:58:00,16:21:18
42662,0.707638889,0.682511574,16:59:00,16:22:49
42779,0.708333333,0.683344907,17:00:00,16:24:01
42907,0.709027778,0.684166667,17:01:00,16:25:12
43053,0.709722222,0.685,17:02:00,16:26:24
43154,0.710416667,0.685405093,17:03:00,16:26:59
43292,0.711111111,0.686238426,17:04:00,16:28:11
43388,0.711805556,0.687071759,17:05:00,16:29:23
43526,0.7125,0.687719907,17:06:00,16:30:19
43667,0.713194444,0.688356481,17:07:00,16:31:14
43806,0.713888889,0.689618056,17:08:00,16:33:03
43928,0.714583333,0.690092593,17:09:00,16:33:44
44073,0.715277778,0.690787037,17:10:00,16:34:44
44215,0.715972222,0.691481481,17:11:00,16:35:44
44358,0.716666667,0.691956019,17:12:00,16:36:25
44498,0.717361111,0.692430556,17:13:00,16:37:06
44651,0.718055556,0.693414352,17:14:00,16:38:31
44791,0.71875,0.69400463,17:15:00,16:39:22
44942,0.719444444,0.694953704,17:16:00,16:40:44
45086,0.720138889,0.695902778,17:17:00,16:42:06
45193,0.720833333,0.696354167,17:18:00,16:42:45
45352,0.721527778,0.696793981,17:19:00,16:43:23
45494,0.722222222,0.697407407,17:20:00,16:44:16
45634,0.722916667,0.698009259,17:21:00,16:45:08
45777,0.723611111,0.698009259,17:22:00,16:45:08
45903,0.724305556,0.698310185,17:23:00,16:45:34
46046,0.725,0.699293981,17:24:00,16:46:59
46177,0.725694444,0.70005787,17:25:00,16:48:05
46321,0.726388889,0.700821759,17:26:00,16:49:11
46469,0.727083333,0.701435185,17:27:00,16:50:04
46580,0.727777778,0.702060185,17:28:00,16:50:58
46723,0.728472222,0.702349537,17:29:00,16:51:23
46853,0.729166667,0.702939815,17:30:00,16:52:14
47004,0.729861111,0.703518519,17:31:00,16:53:04
47169,0.730555556,0.703564815,17:32:00,16:53:08
47308,0.73125,0.704398148,17:33:00,16:54:20
47459,0.731944444,0.705243056,17:34:00,16:55:33
47602,0.732638889,0.705821759,17:35:00,16:56:23
47762,0.733333333,0.706400463,17:36:00,16:57:13
47897,0.734027778,0.706550926,17:37:00,16:57:26
48046,0.734722222,0.706724537,17:38:00,16:57:41
48167,0.735416667,0.707256944,17:39:00,16:58:27
48308,0.736111111,0.707789352,17:40:00,16:59:13
48452,0.736805556,0.70806713,17:41:00,16:59:37
48594,0.7375,0.7090625,17:42:00,17:01:03
48737,0.738194444,0.710046296,17:43:00,17:02:28
48849,0.738888889,0.710358796,17:44:00,17:02:55
48998,0.739583333,0.710671296,17:45:00,17:03:22
49146,0.740277778,0.711365741,17:46:00,17:04:22
49291,0.740972222,0.713078704,17:47:00,17:06:50
49430,0.741666667,0.713414352,17:48:00,17:07:19
49565,0.742361111,0.713738426,17:49:00,17:07:47
49717,0.743055556,0.714907407,17:50:00,17:09:28
49844,0.74375,0.715520833,17:51:00,17:10:21
50003,0.744444444,0.716134259,17:52:00,17:11:14
50148,0.745138889,0.716770833,17:53:00,17:12:09
50271,0.745833333,0.717430556,17:54:00,17:13:06
50424,0.746527778,0.718101852,17:55:00,17:14:04
50544,0.747222222,0.719016204,17:56:00,17:15:23
50687,0.747916667,0.719710648,17:57:00,17:16:23
50842,0.748611111,0.72099537,17:58:00,17:18:14
50980,0.749305556,0.722268519,17:59:00,17:20:04
51098,0.75,0.722962963,18:00:00,17:21:04
51224,0.750694444,0.72369213,18:01:00,17:22:07
51378,0.751388889,0.724421296,18:02:00,17:23:10
51529,0.752083333,0.725231481,18:03:00,17:24:20
51671,0.752777778,0.726053241,18:04:00,17:25:31
51792,0.753472222,0.726875,18:05:00,17:26:42
51929,0.754166667,0.727291667,18:06:00,17:27:18
52043,0.754861111,0.728530093,18:07:00,17:29:05
52190,0.755555556,0.729641204,18:08:00,17:30:41
52314,0.75625,0.730740741,18:09:00,17:32:16
52449,0.756944444,0.731909722,18:10:00,17:33:57
52596,0.757638889,0.732847222,18:11:00,17:35:18
52707,0.758333333,0.7334375,18:12:00,17:36:09
52852,0.759027778,0.734039352,18:13:00,17:37:01
52977,0.759722222,0.735347222,18:14:00,17:38:54
53118,0.760416667,0.736655093,18:15:00,17:40:47
53249,0.761111111,0.737673611,18:16:00,17:42:15
53358,0.761805556,0.738078704,18:17:00,17:42:50
53487,0.7625,0.738877315,18:18:00,17:43:59
53608,0.763194444,0.7396875,18:19:00,17:45:09
53750,0.763888889,0.740844907,18:20:00,17:46:49
53868,0.764583333,0.741539352,18:21:00,17:47:49
53981,0.765277778,0.742233796,18:22:00,17:48:49
54104,0.765972222,0.742997685,18:23:00,17:49:55
54252,0.766666667,0.74369213,18:24:00,17:50:55
54398,0.767361111,0.744386574,18:25:00,17:51:55
54524,0.768055556,0.745486111,18:26:00,17:53:30
54635,0.76875,0.746342593,18:27:00,17:54:44
54764,0.769444444,0.747210648,18:28:00,17:55:59
54885,0.770138889,0.747650463,18:29:00,17:56:37
55012,0.770833333,0.748090278,18:30:00,17:57:15
55145,0.771527778,0.749039352,18:31:00,17:58:37
55291,0.772222222,0.749976852,18:32:00,17:59:58
55400,0.772916667,0.750925926,18:33:00,18:01:20
55526,0.773611111,0.752037037,18:34:00,18:02:56
55643,0.774305556,0.753263889,18:35:00,18:04:42
55754,0.775,0.754479167,18:36:00,18:06:27
55901,0.775694444,0.755405093,18:37:00,18:07:47
56030,0.776388889,0.756111111,18:38:00,18:08:48
56161,0.777083333,0.756805556,18:39:00,18:09:48
56264,0.777777778,0.7575,18:40:00,18:10:48
56392,0.778472222,0.758425926,18:41:00,18:12:08
56541,0.779166667,0.759351852,18:42:00,18:13:28
56662,0.779861111,0.760081019,18:43:00,18:14:31
56781,0.780555556,0.760891204,18:44:00,18:15:41
56926,0.78125,0.761712963,18:45:00,18:16:52
57044,0.781944444,0.762372685,18:46:00,18:17:49
57154,0.782638889,0.763101852,18:47:00,18:18:52
57294,0.783333333,0.763831019,18:48:00,18:19:55
57424,0.784027778,0.765381944,18:49:00,18:22:09
57543,0.784722222,0.766099537,18:50:00,18:23:11
57661,0.785416667,0.766828704,18:51:00,18:24:14
57805,0.786111111,0.768634259,18:52:00,18:26:50
57913,0.786805556,0.769328704,18:53:00,18:27:50
58028,0.7875,0.770023148,18:54:00,18:28:50
58168,0.788194444,0.77056713,18:55:00,18:29:37
58285,0.788888889,0.771377315,18:56:00,18:30:47
58391,0.789583333,0.7721875,18:57:00,18:31:57
58520,0.790277778,0.772916667,18:58:00,18:33:00
58648,0.790972222,0.773483796,18:59:00,18:33:49
58781,0.791666667,0.774097222,19:00:00,18:34:42
58902,0.792361111,0.774826389,19:01:00,18:35:45
58990,0.793055556,0.775555556,19:02:00,18:36:48
59120,0.79375,0.776747685,19:03:00,18:38:31
59258,0.794444444,0.777939815,19:04:00,18:40:14
59392,0.795138889,0.779583333,19:05:00,18:42:36
59506,0.795833333,0.780277778,19:06:00,18:43:36
59641,0.796527778,0.781527778,19:07:00,18:45:24
59781,0.797222222,0.782766204,19:08:00,18:47:11
59897,0.797916667,0.783217593,19:09:00,18:47:50
60000,0.798611111,0.783912037,19:10:00,18:48:50
60102,0.799305556,0.784606481,19:11:00,18:49:50
60226,0.8,0.78537037,19:12:00,18:50:56
60352,0.800694444,0.786064815,19:13:00,18:51:56
60460,0.801388889,0.786759259,19:14:00,18:52:56
60543,0.802083333,0.7878125,19:15:00,18:54:27
60655,0.802777778,0.788449074,19:16:00,18:55:22
60779,0.803472222,0.789074074,19:17:00,18:56:16
60886,0.804166667,0.789768519,19:18:00,18:57:16
60980,0.804861111,0.790706019,19:19:00,18:58:37
61088,0.805555556,0.791331019,19:20:00,18:59:31
61175,0.80625,0.791956019,19:21:00,19:00:25
61287,0.806944444,0.793043981,19:22:00,19:01:59
61394,0.807638889,0.793680556,19:23:00,19:02:54
61512,0.808333333,0.79431713,19:24:00,19:03:49
61640,0.809027778,0.795046296,19:25:00,19:04:52
61764,0.809722222,0.795358796,19:26:00,19:05:19
61879,0.810416667,0.79625,19:27:00,19:06:36
61994,0.811111111,0.796944444,19:28:00,19:07:36
62099,0.811805556,0.797835648,19:29:00,19:08:53
62220,0.8125,0.798530093,19:30:00,19:09:53
62311,0.813194444,0.799560185,19:31:00,19:11:22
62427,0.813888889,0.800578704,19:32:00,19:12:50
62532,0.814583333,0.801273148,19:33:00,19:13:50
62637,0.815277778,0.801840278,19:34:00,19:14:39
62726,0.815972222,0.802407407,19:35:00,19:15:28
62856,0.816666667,0.80318287,19:36:00,19:16:35
62964,0.817361111,0.803958333,19:37:00,19:17:42
63079,0.818055556,0.804733796,19:38:00,19:18:49
63172,0.81875,0.805509259,19:39:00,19:19:56
63265,0.819444444,0.806481481,19:40:00,19:21:20
63403,0.820138889,0.807407407,19:41:00,19:22:40
63501,0.820833333,0.808229167,19:42:00,19:23:51
63626,0.821527778,0.809050926,19:43:00,19:25:02
63740,0.822222222,0.809988426,19:44:00,19:26:23
63852,0.822916667,0.810925926,19:45:00,19:27:44
63964,0.823611111,0.811724537,19:46:00,19:28:53
64060,0.824305556,0.812523148,19:47:00,19:30:02
64171,0.825,0.813564815,19:48:00,19:31:32
64281,0.825694444,0.814259259,19:49:00,19:32:32
64382,0.826388889,0.814953704,19:50:00,19:33:32
64480,0.827083333,0.815856481,19:51:00,19:34:50
64582,0.827777778,0.816608796,19:52:00,19:35:55
64692,0.828472222,0.817349537,19:53:00,19:36:59
64792,0.829166667,0.818171296,19:54:00,19:38:10
64909,0.829861111,0.818773148,19:55:00,19:39:02
65013,0.830555556,0.819375,19:56:00,19:39:54
65114,0.83125,0.820266204,19:57:00,19:41:11
65197,0.831944444,0.821157407,19:58:00,19:42:28
65311,0.832638889,0.821898148,19:59:00,19:43:32
65410,0.833333333,0.822638889,20:00:00,19:44:36
65485,0.834027778,0.823506944,20:01:00,19:45:51
65569,0.834722222,0.824224537,20:02:00,19:46:53
65651,0.835416667,0.824884259,20:03:00,19:47:50
65736,0.836111111,0.825543981,20:04:00,19:48:47
65850,0.836805556,0.826203704,20:05:00,19:49:44
65923,0.8375,0.827002315,20:06:00,19:50:53
66027,0.838194444,0.827800926,20:07:00,19:52:02
66133,0.838888889,0.828564815,20:08:00,19:53:08
66231,0.839583333,0.82931713,20:09:00,19:54:13
66311,0.840277778,0.830069444,20:10:00,19:55:18
66393,0.840972222,0.830763889,20:11:00,19:56:18
66461,0.841666667,0.831458333,20:12:00,19:57:18
66546,0.842361111,0.832152778,20:13:00,19:58:18
66628,0.843055556,0.832847222,20:14:00,19:59:18
66728,0.84375,0.8334375,20:15:00,20:00:09
66807,0.844444444,0.834016204,20:16:00,20:00:59
66885,0.845138889,0.8346875,20:17:00,20:01:57
66966,0.845833333,0.835347222,20:18:00,20:02:54
67054,0.846527778,0.835983796,20:19:00,20:03:49
67141,0.847222222,0.836678241,20:20:00,20:04:49
67203,0.847916667,0.837372685,20:21:00,20:05:49
67275,0.848611111,0.838159722,20:22:00,20:06:57
67362,0.849305556,0.838946759,20:23:00,20:08:05
67441,0.85,0.839652778,20:24:00,20:09:06
67516,0.850694444,0.8403125,20:25:00,20:10:03
67585,0.851388889,0.841041667,20:26:00,20:11:06
67659,0.852083333,0.841770833,20:27:00,20:12:09
67767,0.852777778,0.842581019,20:28:00,20:13:19
67856,0.853472222,0.843321759,20:29:00,20:14:23
67931,0.854166667,0.844050926,20:30:00,20:15:26
67996,0.854861111,0.844780093,20:31:00,20:16:29
68081,0.855555556,0.845543981,20:32:00,20:17:35
68152,0.85625,0.84630787,20:33:00,20:18:41
68230,0.856944444,0.846990741,20:34:00,20:19:40
68323,0.857638889,0.847673611,20:35:00,20:20:39
68397,0.858333333,0.848391204,20:36:00,20:21:41
68475,0.859027778,0.84912037,20:37:00,20:22:44
68559,0.859722222,0.849826389,20:38:00,20:23:45
68617,0.860416667,0.850532407,20:39:00,20:24:46
68702,0.861111111,0.851168981,20:40:00,20:25:41
68779,0.861805556,0.851678241,20:41:00,20:26:25
68842,0.8625,0.8521875,20:42:00,20:27:09
68916,0.863194444,0.852685185,20:43:00,20:27:52
69015,0.863888889,0.85337963,20:44:00,20:28:52
69108,0.864583333,0.854074074,20:45:00,20:29:52
69180,0.865277778,0.854560185,20:46:00,20:30:34
69248,0.865972222,0.855046296,20:47:00,20:31:16
69324,0.866666667,0.855694444,20:48:00,20:32:12
69388,0.867361111,0.856342593,20:49:00,20:33:08
69477,0.868055556,0.857106481,20:50:00,20:34:14
69560,0.86875,0.858043981,20:51:00,20:35:35
69640,0.869444444,0.858981481,20:52:00,20:36:56
69701,0.870138889,0.859618056,20:53:00,20:37:51
69774,0.870833333,0.860300926,20:54:00,20:38:50
69879,0.871527778,0.86099537,20:55:00,20:39:50
69951,0.872222222,0.862071759,20:56:00,20:41:23
70026,0.872916667,0.86287037,20:57:00,20:42:32
70082,0.873611111,0.863564815,20:58:00,20:43:32
70157,0.874305556,0.864270833,20:59:00,20:44:33
70234,0.875,0.864965278,21:00:00,20:45:33
70292,0.875694444,0.865659722,21:01:00,20:46:33
70377,0.876388889,0.866342593,21:02:00,20:47:32
70455,0.877083333,0.867025463,21:03:00,20:48:31
70525,0.877777778,0.867650463,21:04:00,20:49:25
70615,0.878472222,0.868287037,21:05:00,20:50:20
70673,0.879166667,0.868981481,21:06:00,20:51:20
70727,0.879861111,0.869641204,21:07:00,20:52:17
70790,0.880555556,0.870358796,21:08:00,20:53:19
70877,0.88125,0.871064815,21:09:00,20:54:20
70948,0.881944444,0.871840278,21:10:00,20:55:27
71015,0.882638889,0.872615741,21:11:00,20:56:34
71088,0.883333333,0.873391204,21:12:00,20:57:41
71157,0.884027778,0.874108796,21:13:00,20:58:43
71236,0.884722222,0.874814815,21:14:00,20:59:44
71307,0.885416667,0.875532407,21:15:00,21:00:46
71376,0.886111111,0.87619213,21:16:00,21:01:43
71454,0.886805556,0.876886574,21:17:00,21:02:43
71524,0.8875,0.877488426,21:18:00,21:03:35
71587,0.888194444,0.878194444,21:19:00,21:04:36
71668,0.888888889,0.878958333,21:20:00,21:05:42
71737,0.889583333,0.879710648,21:21:00,21:06:47
71810,0.890277778,0.880289352,21:22:00,21:07:37
71920,0.890972222,0.880868056,21:23:00,21:08:27
71988,0.891666667,0.881539352,21:24:00,21:09:25
72060,0.892361111,0.882164352,21:25:00,21:10:19
72121,0.893055556,0.882835648,21:26:00,21:11:17
72210,0.89375,0.88349537,21:27:00,21:12:14
72272,0.894444444,0.884108796,21:28:00,21:13:07
72353,0.895138889,0.884780093,21:29:00,21:14:05
72431,0.895833333,0.885474537,21:30:00,21:15:05
